headcode,origin_location,origin_departure,gps_car_id,total_matching,median_time_error,end,start,iqr_time_error,matched_over_total
5E78,ASHONUL,2016-03-30 10:55:00,150133,3,-0.533333333333333,2016-03-30 11:07:07,2016-03-30 10:54:00,4.5,1
5F12,KNTNGLY,2016-03-30 10:03:00,150270,2,-1.03333333333333,2016-03-30 10:13:52,2016-03-30 09:56:12,3.16666666666667,1
5E80,ASHONUL,2016-03-30 11:55:00,150223,3,0.383333333333333,2016-03-30 12:10:47,2016-03-30 12:02:17,3.04166666666667,1
5U27,MSTN,2016-03-30 12:00:00,150226,2,1.06666666666667,2016-03-30 12:02:00,2016-03-30 11:57:11,2.79166666666667,1
5R64,ADWICK,2016-03-30 09:43:00,150115,2,-0.416666666666667,2016-03-30 10:15:15,2016-03-30 09:41:25,2.70833333333333,1
5J58,CLITHRO,2016-03-30 11:17:00,150210,2,0.0666666666666667,2016-03-30 11:36:00,2016-03-30 11:16:56,2.33333333333333,1
5J58,CLITHRO,2016-03-30 11:17:00,150210,2,0.0666666666666667,2016-03-30 11:36:00,2016-03-30 11:16:56,2.33333333333333,1
5J58,CLITHRO,2016-03-30 11:17:00,156441,2,0.183333333333333,2016-03-30 11:36:00,2016-03-30 11:16:49,2.25,1
5J58,CLITHRO,2016-03-30 11:17:00,156441,2,0.183333333333333,2016-03-30 11:36:00,2016-03-30 11:16:49,2.25,1
5E76,ASHONUL,2016-03-30 09:55:00,150223,2,-0.533333333333333,2016-03-30 10:01:37,2016-03-30 09:57:00,2.16666666666667,1
5A12,GTSHDMC,2016-03-30 10:54:00,156443,2,-0.266666666666667,2016-03-30 11:02:46,2016-03-30 10:53:36,2.16666666666667,1
2D06,MDLSBRO,2016-03-30 07:04:00,156448,3,-0.116666666666667,2016-03-30 08:38:00,2016-03-30 07:16:00,2,0.75
5U25,MSTN,2016-03-30 11:00:00,155342,1,-0.483333333333333,2016-03-30 11:03:19,2016-03-30 10:59:39,1.83333333333333,1
2M10,LEEDS,2016-03-30 12:18:00,158849,6,0.0166666666666667,2016-03-30 12:41:00,2016-03-30 12:18:00,1.70833333333333,0.6
5N22,STKP,2016-03-30 08:00:00,150228,4,-0.733333333333333,2016-03-30 08:17:44,2016-03-30 07:57:04,1.66666666666667,1
5N22,STKP,2016-03-30 08:00:00,150228,4,-0.733333333333333,2016-03-30 08:17:44,2016-03-30 07:57:04,1.66666666666667,1
5N22,STKP,2016-03-30 08:00:00,150134,4,-0.783333333333333,2016-03-30 08:17:37,2016-03-30 07:56:57,1.66666666666667,1
5N22,STKP,2016-03-30 08:00:00,150134,4,-0.783333333333333,2016-03-30 08:17:37,2016-03-30 07:56:57,1.66666666666667,1
2H81,APBY,2016-03-30 06:32:00,158905,16,-0.383333333333333,2016-03-30 08:33:00,2016-03-30 06:30:26,1.64166666666667,0.727272727272727
5W27,GTSHDMC,2016-03-30 10:23:00,156480,2,-0.416666666666667,2016-03-30 10:32:15,2016-03-30 10:22:25,1.5,1
1J26,BRDLNGT,2016-03-30 11:11:00,158816,17,-0.266666666666667,2016-03-30 12:42:00,2016-03-30 11:11:00,1.5,0.708333333333333
5T04,HAZL,2016-03-30 08:50:00,150135,6,-0.933333333333333,2016-03-30 09:37:31,2016-03-30 08:56:00,1.33333333333333,1
5T04,HAZL,2016-03-30 08:50:00,150135,6,-0.933333333333333,2016-03-30 09:37:31,2016-03-30 08:56:00,1.33333333333333,1
2A12,SOUTHPT,2016-03-30 12:23:00,156483,5,-0.366666666666667,2016-03-30 12:41:12,2016-03-30 12:22:00,1.33333333333333,0.357142857142857
1B12,YORK,2016-03-30 07:18:00,158752,43,-0.55,2016-03-30 10:18:28,2016-03-30 07:23:00,1.29166666666667,0.977272727272727
5T04,HAZL,2016-03-30 08:50:00,150117,6,-0.933333333333333,2016-03-30 09:37:16,2016-03-30 08:56:00,1.29166666666667,1
5T04,HAZL,2016-03-30 08:50:00,150117,6,-0.933333333333333,2016-03-30 09:37:16,2016-03-30 08:56:00,1.29166666666667,1
2C12,LEEDS,2016-03-30 08:01:00,153330,12,-0.383333333333333,2016-03-30 08:48:03,2016-03-30 08:00:00,1.25,1
2C29,YORK,2016-03-30 12:11:00,150144,12,-0.466666666666667,2016-03-30 12:39:38,2016-03-30 12:11:00,1.25,0.666666666666667
2H33,CHST,2016-03-30 06:58:00,150145,21,-0.433333333333333,2016-03-30 08:32:36,2016-03-30 07:11:00,1.25,0.954545454545455
2M44,LEEDS,2016-03-30 11:51:00,158756,10,-0.216666666666667,2016-03-30 12:42:00,2016-03-30 11:50:00,1.25,0.666666666666667
2W12,GLBRDYK,2016-03-30 07:39:00,158855,12,-0.233333333333333,2016-03-30 09:38:00,2016-03-30 07:34:34,1.20833333333333,1
2H55,ROHL,2016-03-30 09:53:00,150272,16,-0.833333333333333,2016-03-30 10:28:00,2016-03-30 09:52:00,1.16666666666667,1
2C08,LEEDS,2016-03-30 07:14:00,150203,22,-0.716666666666667,2016-03-30 08:27:00,2016-03-30 07:14:00,1.16666666666667,1
2S10,MNCRPIC,2016-03-30 07:08:00,150132,24,-0.55,2016-03-30 08:31:00,2016-03-30 07:04:28,1.16666666666667,1
1J27,SCARBRO,2016-03-30 11:28:00,158851,14,-0.65,2016-03-30 12:37:29,2016-03-30 11:28:00,1.16666666666667,1
2C19,KNRSBGH,2016-03-30 10:06:00,155346,11,-0.583333333333333,2016-03-30 10:49:05,2016-03-30 10:09:00,1.16666666666667,0.916666666666667
2J66,KKBY,2016-03-30 09:30:00,150119,21,-0.383333333333333,2016-03-30 10:42:03,2016-03-30 09:25:03,1.16666666666667,1
2C19,KNRSBGH,2016-03-30 10:06:00,153358,11,-0.666666666666667,2016-03-30 10:49:00,2016-03-30 10:09:00,1.16666666666667,0.916666666666667
2A12,SOUTHPT,2016-03-30 12:23:00,150140,5,-0.366666666666667,2016-03-30 12:41:12,2016-03-30 12:22:00,1.16666666666667,0.357142857142857
2H86,LEEDS,2016-03-30 10:49:00,158793,18,-0.383333333333333,2016-03-30 11:54:13,2016-03-30 10:48:00,1.16666666666667,0.857142857142857
2J66,KKBY,2016-03-30 09:30:00,150142,21,-0.35,2016-03-30 10:42:01,2016-03-30 09:25:01,1.16666666666667,1
2H85,APBY,2016-03-30 09:35:00,158907,24,-0.45,2016-03-30 11:38:22,2016-03-30 09:35:00,1.16666666666667,0.888888888888889
2C22,LEEDS,2016-03-30 10:29:00,150224,22,-0.583333333333333,2016-03-30 11:44:25,2016-03-30 10:29:00,1.16666666666667,1
2C28,LEEDS,2016-03-30 11:59:00,155345,10,-0.583333333333333,2016-03-30 12:41:25,2016-03-30 11:59:00,1.16666666666667,0.909090909090909
2S15,SHEFFLD,2016-03-30 07:12:00,150146,18,-0.7,2016-03-30 08:42:22,2016-03-30 07:07:49,1.13333333333333,0.947368421052632
2H09,BUXTON,2016-03-30 07:48:00,150225,12,-0.4,2016-03-30 08:42:00,2016-03-30 07:48:00,1.125,1
2C12,LEEDS,2016-03-30 08:01:00,155345,12,-0.416666666666667,2016-03-30 08:48:05,2016-03-30 08:00:00,1.125,1
2S25,SHEFFLD,2016-03-30 10:14:00,150146,22,-0.416666666666667,2016-03-30 11:40:12,2016-03-30 10:09:12,1.11666666666667,0.956521739130435
2S16,MNCRPIC,2016-03-30 08:49:00,150146,26,-0.7,2016-03-30 10:13:42,2016-03-30 08:46:08,1.1,0.928571428571429
2C43,MORCAME,2016-03-30 08:23:00,153352,19,-0.533333333333333,2016-03-30 09:50:00,2016-03-30 08:23:00,1.08333333333333,1
2C43,MORCAME,2016-03-30 08:23:00,153352,19,-0.533333333333333,2016-03-30 09:50:00,2016-03-30 08:23:00,1.08333333333333,1
2R59,ROHL,2016-03-30 08:35:00,150272,13,-0.5,2016-03-30 09:05:20,2016-03-30 08:32:30,1.08333333333333,1
2F15,MNCROXR,2016-03-30 08:10:00,150119,20,-0.55,2016-03-30 09:30:03,2016-03-30 08:23:00,1.08333333333333,1
2C28,LEEDS,2016-03-30 11:59:00,153330,10,-0.633333333333333,2016-03-30 12:41:23,2016-03-30 11:59:00,1.08333333333333,0.909090909090909
2M08,LEEDS,2016-03-30 11:18:00,158795,17,-0.516666666666667,2016-03-30 12:24:41,2016-03-30 11:18:00,1.08333333333333,1
2C22,LEEDS,2016-03-30 10:29:00,150144,22,-0.466666666666667,2016-03-30 11:44:28,2016-03-30 10:29:00,1.08333333333333,1
2F79,MNCROXR,2016-03-30 08:56:00,150138,25,-0.516666666666667,2016-03-30 10:12:16,2016-03-30 08:51:26,1.08333333333333,1
2H09,BUXTON,2016-03-30 07:48:00,150136,12,-0.316666666666667,2016-03-30 08:42:00,2016-03-30 07:48:00,1.08333333333333,1
2F15,MNCROXR,2016-03-30 08:10:00,150142,20,-0.516666666666667,2016-03-30 09:30:01,2016-03-30 08:23:00,1.08333333333333,1
2C24,LEEDS,2016-03-30 10:59:00,155346,12,-0.75,2016-03-30 11:46:25,2016-03-30 10:59:00,1.04166666666667,1
2J54,CLITHRO,2016-03-30 09:46:00,150205,18,-0.683333333333333,2016-03-30 11:06:41,2016-03-30 09:46:00,1.04166666666667,1
2C52,BAROW,2016-03-30 10:09:00,153316,21,-0.5,2016-03-30 11:21:20,2016-03-30 10:09:00,1.04166666666667,1
2A09,MRPTHRP,2016-03-30 11:49:00,156443,12,-0.766666666666667,2016-03-30 12:23:16,2016-03-30 11:45:46,1.04166666666667,1
2C33,LANCSTR,2016-03-30 11:23:00,153316,22,-0.416666666666667,2016-03-30 12:36:20,2016-03-30 11:21:20,1.04166666666667,1
2C33,LANCSTR,2016-03-30 11:23:00,153352,22,-0.383333333333333,2016-03-30 12:36:23,2016-03-30 11:21:13,1.04166666666667,1
2W18,HULL,2016-03-30 09:47:00,158851,22,-0.65,2016-03-30 11:17:19,2016-03-30 09:47:00,1.04166666666667,1
1U01,SOUTHPT,2016-03-30 07:19:00,142060,27,-0.766666666666667,2016-03-30 08:56:06,2016-03-30 07:14:06,1.04166666666667,1
2C57,KNRSBGH,2016-03-30 08:55:00,153330,9,-0.8,2016-03-30 09:35:43,2016-03-30 08:59:00,1.04166666666667,0.9
1W32,SHEFFLD,2016-03-30 09:41:00,158794,35,-0.483333333333333,2016-03-30 12:39:08,2016-03-30 09:40:00,1.01666666666667,0.972222222222222
2H86,LEEDS,2016-03-30 10:49:00,158848,18,-0.425,2016-03-30 11:54:06,2016-03-30 10:48:00,1.0125,0.857142857142857
2C41,BAROW,2016-03-30 09:20:00,153304,41,-0.425,2016-03-30 11:47:00,2016-03-30 09:20:00,1.00416666666667,1
1B14,YORK,2016-03-30 08:27:00,158815,40,-0.533333333333333,2016-03-30 11:15:54,2016-03-30 08:27:00,1.00416666666667,1
2N51,SLFDCT,2016-03-30 12:04:00,150215,8,-0.616666666666667,2016-03-30 12:31:42,2016-03-30 11:59:22,1,1
2H04,BLCKPLN,2016-03-30 06:48:00,150117,47,-0.766666666666667,2016-03-30 08:50:36,2016-03-30 06:48:00,1,1
2A08,SOUTHPT,2016-03-30 10:23:00,156428,29,-0.716666666666667,2016-03-30 11:53:33,2016-03-30 10:22:00,1,1
1B15,BLCKPLN,2016-03-30 09:11:00,158904,42,-0.45,2016-03-30 11:59:17,2016-03-30 09:11:00,1,1
2F87,MNCRIAP,2016-03-30 10:03:00,150274,28,-0.45,2016-03-30 11:34:37,2016-03-30 09:58:57,1,1
2H08,BLCKPLN,2016-03-30 08:54:00,150222,43,-0.7,2016-03-30 10:51:42,2016-03-30 08:54:00,1,1
2Y80,SHEFFLD,2016-03-30 09:29:00,142044,23,-0.433333333333333,2016-03-30 10:51:00,2016-03-30 09:29:00,1,1
2J54,CLITHRO,2016-03-30 09:46:00,150276,18,-0.733333333333333,2016-03-30 11:06:34,2016-03-30 09:46:00,1,1
2C18,LEEDS,2016-03-30 09:29:00,150275,21,-0.6,2016-03-30 10:44:16,2016-03-30 09:29:00,1,1
2H00,BLCKPLN,2016-03-30 09:56:00,150103,45,-0.616666666666667,2016-03-30 11:48:07,2016-03-30 09:56:00,1,1
2F81,MNCRIAP,2016-03-30 09:03:00,142060,26,-0.6,2016-03-30 10:39:00,2016-03-30 09:07:00,1,0.962962962962963
2H51,ROHL,2016-03-30 11:23:00,150272,17,-0.75,2016-03-30 11:57:00,2016-03-30 11:23:00,1,1
1B09,BLCKPLN,2016-03-30 06:11:00,158759,43,-0.466666666666667,2016-03-30 09:03:18,2016-03-30 06:11:00,1,1
2C23,KNRSBGH,2016-03-30 11:06:00,153330,11,-0.633333333333333,2016-03-30 11:51:23,2016-03-30 11:09:00,1,0.916666666666667
2H40,LVRPLSH,2016-03-30 10:55:00,156420,29,-0.55,2016-03-30 12:03:33,2016-03-30 10:55:00,1,1
2H08,LEEDS,2016-03-30 08:18:00,150273,25,-0.4,2016-03-30 10:34:54,2016-03-30 08:21:00,1,1
2C72,MORCAME,2016-03-30 10:08:00,156454,4,-0.75,2016-03-30 10:19:45,2016-03-30 10:02:15,1,1
2H10,LEEDS,2016-03-30 08:49:00,158905,18,-0.583333333333333,2016-03-30 10:00:20,2016-03-30 08:49:00,1,0.9
2C14,LEEDS,2016-03-30 08:30:00,150143,19,-0.733333333333333,2016-03-30 09:47:14,2016-03-30 08:31:00,1,1
2C43,MORCAME,2016-03-30 08:23:00,153316,19,-0.5,2016-03-30 09:50:00,2016-03-30 08:23:00,1,1
2C43,MORCAME,2016-03-30 08:23:00,153316,19,-0.5,2016-03-30 09:50:00,2016-03-30 08:23:00,1,1
2M38,LEEDS,2016-03-30 08:51:00,158756,16,-0.3,2016-03-30 10:02:48,2016-03-30 08:51:00,1,1
1B18,YORK,2016-03-30 10:27:00,158755,32,-0.266666666666667,2016-03-30 12:33:36,2016-03-30 10:38:00,1,1
1B16,YORK,2016-03-30 09:18:00,158759,42,-0.466666666666667,2016-03-30 12:15:08,2016-03-30 09:17:00,1,1
2F97,MNCROXR,2016-03-30 11:16:00,150204,26,-0.7,2016-03-30 12:23:00,2016-03-30 11:17:00,1,0.962962962962963
2N55,BUXTON,2016-03-30 06:53:00,150205,37,-0.683333333333333,2016-03-30 09:17:21,2016-03-30 06:53:00,1,1
2E80,ASHONUL,2016-03-30 12:07:00,150223,8,-0.45,2016-03-30 12:41:17,2016-03-30 12:13:07,1,0.615384615384615
1U01,SOUTHPT,2016-03-30 07:19:00,150112,27,-0.75,2016-03-30 08:56:15,2016-03-30 07:19:00,1,1
2C13,YORK,2016-03-30 07:54:00,158784,20,-0.6,2016-03-30 09:04:16,2016-03-30 07:53:00,1,1
2C29,YORK,2016-03-30 12:11:00,150224,12,-0.583333333333333,2016-03-30 12:39:35,2016-03-30 12:11:00,1,0.666666666666667
2U28,LEEDS,2016-03-30 11:26:00,158753,28,-0.516666666666667,2016-03-30 12:42:00,2016-03-30 11:26:00,1,0.875
2F85,MNCRIAP,2016-03-30 08:02:00,156464,25,-0.666666666666667,2016-03-30 09:33:45,2016-03-30 07:59:25,1,1
2W04,HULL,2016-03-30 06:53:00,158853,8,-0.633333333333333,2016-03-30 08:19:13,2016-03-30 06:53:00,1,1
2H04,BLCKPLN,2016-03-30 06:48:00,150135,47,-0.683333333333333,2016-03-30 08:50:41,2016-03-30 06:48:00,1,1
2C20,LEEDS,2016-03-30 09:59:00,155345,12,-0.75,2016-03-30 10:46:05,2016-03-30 10:00:00,1,1
2C41,BAROW,2016-03-30 09:20:00,153360,41,-0.35,2016-03-30 11:47:02,2016-03-30 09:20:00,1,1
2H03,BUXTON,2016-03-30 09:27:00,156491,21,-0.716666666666667,2016-03-30 10:25:23,2016-03-30 09:27:00,1,1
2F81,MNCRIAP,2016-03-30 09:03:00,150112,26,-0.583333333333333,2016-03-30 10:39:00,2016-03-30 09:07:00,1,0.962962962962963
2U21,MSTN,2016-03-30 09:33:00,158795,36,-0.516666666666667,2016-03-30 11:01:31,2016-03-30 09:33:00,1,1
2H48,LVRPLSH,2016-03-30 07:45:00,156420,27,-0.716666666666667,2016-03-30 09:03:23,2016-03-30 07:49:00,1,0.964285714285714
2H46,LVRPLSH,2016-03-30 09:55:00,142009,29,-0.516666666666667,2016-03-30 11:07:11,2016-03-30 09:56:00,1,1
2R07,WORKSOP,2016-03-30 08:13:00,150115,29,-0.583333333333333,2016-03-30 09:44:35,2016-03-30 08:08:25,1,1
1J24,BRDLNGT,2016-03-30 09:05:00,158909,28,-0.65,2016-03-30 11:17:09,2016-03-30 09:05:00,1,1
2N24,HAZL,2016-03-30 10:36:00,150201,41,-0.483333333333333,2016-03-30 12:20:19,2016-03-30 10:36:00,1,1
2F85,MNCRIAP,2016-03-30 08:02:00,150204,25,-0.683333333333333,2016-03-30 09:33:42,2016-03-30 07:59:31,0.983333333333333,1
2A08,SOUTHPT,2016-03-30 10:23:00,150138,29,-0.766666666666667,2016-03-30 11:53:06,2016-03-30 10:22:00,0.958333333333333,1
2D05,SBRN,2016-03-30 07:54:00,142064,15,-0.566666666666667,2016-03-30 09:17:24,2016-03-30 07:54:54,0.958333333333333,1
2W05,SCARBRO,2016-03-30 09:02:00,158853,16,-0.65,2016-03-30 10:25:00,2016-03-30 09:02:00,0.958333333333333,1
2C21,YORK,2016-03-30 10:11:00,150137,21,-0.566666666666667,2016-03-30 11:21:24,2016-03-30 10:13:00,0.958333333333333,1
2C21,YORK,2016-03-30 10:11:00,150143,21,-0.566666666666667,2016-03-30 11:21:44,2016-03-30 10:13:00,0.958333333333333,1
2N23,HAZL,2016-03-30 09:36:00,150117,41,-0.6,2016-03-30 11:27:26,2016-03-30 09:35:16,0.958333333333333,1
2H07,BUXTON,2016-03-30 07:24:00,150148,14,-0.866666666666667,2016-03-30 08:28:00,2016-03-30 07:24:00,0.958333333333333,1
1B11,BLCKPLN,2016-03-30 07:11:00,158755,40,-0.433333333333333,2016-03-30 09:58:46,2016-03-30 07:11:00,0.958333333333333,0.975609756097561
2N11,NUNTHRP,2016-03-30 07:18:00,156481,29,-0.616666666666667,2016-03-30 09:33:47,2016-03-30 07:18:00,0.958333333333333,1
2U26,LEEDS,2016-03-30 10:26:00,150226,34,-0.683333333333333,2016-03-30 11:54:31,2016-03-30 10:25:00,0.958333333333333,1
2F81,MNCRIAP,2016-03-30 09:03:00,142003,27,-0.516666666666667,2016-03-30 10:39:00,2016-03-30 09:03:00,0.958333333333333,1
2F79,MNCROXR,2016-03-30 08:56:00,156428,25,-0.533333333333333,2016-03-30 10:12:23,2016-03-30 08:51:22,0.958333333333333,1
1Y21,LEEDS,2016-03-30 10:05:00,158791,32,-0.616666666666667,2016-03-30 11:58:17,2016-03-30 10:05:00,0.958333333333333,1
2J56,CLITHRO,2016-03-30 07:45:00,150215,14,-0.7,2016-03-30 08:57:42,2016-03-30 07:45:00,0.958333333333333,1
2H84,LEEDS,2016-03-30 10:17:00,150203,29,-0.55,2016-03-30 12:40:13,2016-03-30 10:16:00,0.958333333333333,0.966666666666667
2C52,BAROW,2016-03-30 10:09:00,153352,21,-0.533333333333333,2016-03-30 11:21:13,2016-03-30 10:09:00,0.929166666666667,1
2W16,SHEFFLD,2016-03-30 07:41:00,158844,36,-0.466666666666667,2016-03-30 10:00:27,2016-03-30 07:41:00,0.925,1
2F81,HDRSFLD,2016-03-30 10:15:00,150133,12,-0.866666666666667,2016-03-30 10:51:57,2016-03-30 10:15:00,0.920833333333333,1
2D17,WTBY,2016-03-30 08:48:00,156448,8,-0.95,2016-03-30 10:19:57,2016-03-30 08:48:00,0.916666666666667,1
2N59,SLFDCT,2016-03-30 11:04:00,150205,20,-0.516666666666667,2016-03-30 12:16:41,2016-03-30 11:02:31,0.916666666666667,1
1Y12,NTNG,2016-03-30 08:18:00,158845,30,-0.716666666666667,2016-03-30 10:15:33,2016-03-30 08:20:00,0.916666666666667,1
1U01,SOUTHPT,2016-03-30 07:19:00,142003,27,-0.683333333333333,2016-03-30 08:56:01,2016-03-30 07:14:01,0.916666666666667,1
2F91,MNCROXR,2016-03-30 09:44:00,156463,32,-0.616666666666667,2016-03-30 10:53:00,2016-03-30 09:48:00,0.916666666666667,1
1L76,SHEFFLD,2016-03-30 08:50:00,158791,15,-0.616666666666667,2016-03-30 09:48:27,2016-03-30 08:50:00,0.916666666666667,1
1B19,BLCKPLN,2016-03-30 11:11:00,158752,22,-0.633333333333333,2016-03-30 12:40:58,2016-03-30 11:11:00,0.916666666666667,0.846153846153846
2J72,SOUTHPT,2016-03-30 11:57:00,150274,15,-0.95,2016-03-30 12:41:47,2016-03-30 11:57:00,0.916666666666667,0.6
2A10,SOUTHPT,2016-03-30 11:23:00,142003,24,-0.533333333333333,2016-03-30 12:40:02,2016-03-30 11:23:00,0.916666666666667,0.888888888888889
2H07,BUXTON,2016-03-30 11:29:00,150225,19,-0.566666666666667,2016-03-30 12:20:34,2016-03-30 11:29:00,0.916666666666667,1
2C34,MPRT,2016-03-30 06:46:00,153304,23,-0.5,2016-03-30 08:46:40,2016-03-30 06:46:00,0.916666666666667,1
2A04,SOUTHPT,2016-03-30 08:23:00,150274,27,-0.95,2016-03-30 09:58:57,2016-03-30 08:18:17,0.916666666666667,1
2H07,BUXTON,2016-03-30 11:29:00,150136,19,-0.566666666666667,2016-03-30 12:20:34,2016-03-30 11:29:00,0.916666666666667,1
2J50,CLITHRO,2016-03-30 08:25:00,150210,13,-0.433333333333333,2016-03-30 09:57:16,2016-03-30 08:25:26,0.916666666666667,1
2R13,YORK,2016-03-30 11:45:00,158796,9,-0.383333333333333,2016-03-30 12:37:13,2016-03-30 11:52:00,0.916666666666667,1
1Y08,NTNG,2016-03-30 07:12:00,158850,29,-0.6,2016-03-30 09:15:06,2016-03-30 07:12:00,0.916666666666667,0.966666666666667
2M04,LEEDS,2016-03-30 09:19:00,153332,17,-0.433333333333333,2016-03-30 10:34:46,2016-03-30 09:25:00,0.916666666666667,1
2M04,LEEDS,2016-03-30 09:19:00,153332,17,-0.433333333333333,2016-03-30 10:34:46,2016-03-30 09:25:00,0.916666666666667,1
2H46,LVRPLSH,2016-03-30 07:25:00,150141,26,-0.583333333333333,2016-03-30 08:46:55,2016-03-30 07:21:05,0.916666666666667,1
2F71,MNCROXR,2016-03-30 09:47:00,156483,25,-0.516666666666667,2016-03-30 10:58:21,2016-03-30 09:47:11,0.916666666666667,1
2J74,SOUTHPT,2016-03-30 09:51:00,150204,26,-0.866666666666667,2016-03-30 11:11:12,2016-03-30 09:50:00,0.916666666666667,1
2A10,SOUTHPT,2016-03-30 11:23:00,142060,24,-0.6,2016-03-30 12:40:06,2016-03-30 11:23:00,0.916666666666667,0.888888888888889
1L82,SHEFFLD,2016-03-30 11:50:00,158842,13,-0.85,2016-03-30 12:38:01,2016-03-30 11:50:00,0.916666666666667,1
2C15,YORK,2016-03-30 08:47:00,150203,21,-0.383333333333333,2016-03-30 10:02:13,2016-03-30 08:46:00,0.916666666666667,1
2J74,SOUTHPT,2016-03-30 09:51:00,156464,26,-0.916666666666667,2016-03-30 11:10:55,2016-03-30 09:50:00,0.916666666666667,1
2C24,LEEDS,2016-03-30 10:59:00,153358,12,-0.833333333333333,2016-03-30 11:46:20,2016-03-30 10:59:00,0.916666666666667,1
2N59,SLFDCT,2016-03-30 11:04:00,150276,20,-0.566666666666667,2016-03-30 12:16:44,2016-03-30 11:02:34,0.916666666666667,1
2C11,HAGT,2016-03-30 08:15:00,150224,8,-1,2016-03-30 08:51:45,2016-03-30 08:13:45,0.916666666666667,1
2C14,LEEDS,2016-03-30 08:30:00,150137,19,-0.733333333333333,2016-03-30 09:47:24,2016-03-30 08:31:00,0.916666666666667,1
2J50,CLITHRO,2016-03-30 08:25:00,156441,13,-0.491666666666667,2016-03-30 09:57:19,2016-03-30 08:25:30,0.904166666666667,1
2W60,KKBY,2016-03-30 08:22:00,150140,21,-0.7,2016-03-30 09:47:02,2016-03-30 08:22:00,0.875,1
2W60,KKBY,2016-03-30 08:22:00,150140,21,-0.7,2016-03-30 09:47:02,2016-03-30 08:22:00,0.875,1
2F73,MNCROXR,2016-03-30 10:46:00,150119,24,-0.716666666666667,2016-03-30 12:02:00,2016-03-30 10:42:03,0.875,1
2Y55,MORCAME,2016-03-30 10:34:00,150273,23,-0.483333333333333,2016-03-30 12:37:04,2016-03-30 10:32:14,0.875,1
2F97,MNCROXR,2016-03-30 11:16:00,156464,26,-0.75,2016-03-30 12:23:00,2016-03-30 11:17:00,0.875,0.962962962962963
2S15,COLNE,2016-03-30 07:20:00,150149,33,-0.65,2016-03-30 09:33:09,2016-03-30 07:28:39,0.875,1
2N15,MRPTHRP,2016-03-30 09:49:00,156480,12,-0.416666666666667,2016-03-30 10:23:25,2016-03-30 09:48:55,0.875,1
2D20,BSAUKLD,2016-03-30 09:26:00,142064,22,-0.733333333333333,2016-03-30 10:52:04,2016-03-30 09:26:00,0.875,1
2F73,MNCROXR,2016-03-30 10:46:00,150142,24,-0.6,2016-03-30 12:02:00,2016-03-30 10:42:01,0.875,1
2C27,KNRSBGH,2016-03-30 12:06:00,153358,7,-0.583333333333333,2016-03-30 12:38:40,2016-03-30 12:09:00,0.875,0.636363636363636
2U22,LEEDS,2016-03-30 09:26:00,155342,34,-0.65,2016-03-30 11:03:19,2016-03-30 09:26:00,0.875,1
2C57,KNRSBGH,2016-03-30 08:55:00,155345,9,-0.833333333333333,2016-03-30 09:35:45,2016-03-30 08:59:00,0.875,0.9
2H94,MNCRPIC,2016-03-30 08:49:00,150148,21,-0.783333333333333,2016-03-30 09:53:07,2016-03-30 08:51:00,0.875,1
1B17,BLCKPLN,2016-03-30 10:11:00,158901,35,-0.466666666666667,2016-03-30 12:42:02,2016-03-30 10:11:00,0.85,0.795454545454545
1J22,BRDLNGT,2016-03-30 07:12:00,158794,26,-0.483333333333333,2016-03-30 09:23:09,2016-03-30 07:12:00,0.85,1
2N99,BOLTON,2016-03-30 09:41:00,156429,26,-0.733333333333333,2016-03-30 10:48:48,2016-03-30 09:40:00,0.845833333333333,1
2N17,NWCSTLE,2016-03-30 10:22:00,156444,23,-0.366666666666667,2016-03-30 11:52:12,2016-03-30 10:22:00,0.841666666666667,1
2N21,SLFDCT,2016-03-30 07:55:00,156455,21,-0.666666666666667,2016-03-30 08:46:40,2016-03-30 07:50:30,0.833333333333333,1
2F65,WKFLDKG,2016-03-30 09:31:00,150270,8,-0.7,2016-03-30 09:55:22,2016-03-30 09:31:00,0.833333333333333,1
2D42,MNCRPIC,2016-03-30 07:17:00,142017,21,-0.666666666666667,2016-03-30 08:47:40,2016-03-30 07:17:00,0.833333333333333,1
2N93,BOLTON,2016-03-30 11:41:00,150220,20,-0.666666666666667,2016-03-30 12:42:00,2016-03-30 11:48:10,0.833333333333333,0.8
2F71,MNCROXR,2016-03-30 09:47:00,150140,25,-0.533333333333333,2016-03-30 10:58:22,2016-03-30 09:47:02,0.833333333333333,1
2N58,SLFDCT,2016-03-30 10:04:00,150210,21,-0.6,2016-03-30 11:18:26,2016-03-30 10:04:00,0.833333333333333,1
2H52,MNCRPIC,2016-03-30 12:05:00,150272,16,-0.666666666666667,2016-03-30 12:37:10,2016-03-30 12:05:00,0.833333333333333,1
2Y87,YORK,2016-03-30 11:06:00,142044,23,-0.766666666666667,2016-03-30 12:34:36,2016-03-30 11:06:00,0.833333333333333,1
2H00,BLCKPLN,2016-03-30 09:56:00,156455,45,-0.5,2016-03-30 11:48:20,2016-03-30 09:56:00,0.833333333333333,1
2J56,CLITHRO,2016-03-30 10:46:00,150215,20,-0.7,2016-03-30 11:59:22,2016-03-30 10:46:00,0.833333333333333,1
2F12,KNTNGLY,2016-03-30 10:13:00,150270,13,-0.533333333333333,2016-03-30 10:53:12,2016-03-30 10:09:22,0.833333333333333,1
2F89,MNCRIAP,2016-03-30 12:03:00,150138,11,-0.933333333333333,2016-03-30 12:37:06,2016-03-30 12:02:00,0.833333333333333,1
1L80,SHEFFLD,2016-03-30 10:50:00,158850,15,-0.516666666666667,2016-03-30 11:48:06,2016-03-30 10:50:00,0.833333333333333,1
2N10,BLCKS,2016-03-30 11:20:00,142028,33,-0.55,2016-03-30 12:42:00,2016-03-30 11:21:00,0.833333333333333,0.702127659574468
2N72,LVRPLSH,2016-03-30 07:57:00,150110,23,-0.466666666666667,2016-03-30 09:26:18,2016-03-30 07:57:00,0.833333333333333,0.958333333333333
2C42,CARLILE,2016-03-30 09:38:00,156469,52,-0.566666666666667,2016-03-30 12:38:44,2016-03-30 09:38:00,0.833333333333333,0.852459016393443
2M00,LEEDS,2016-03-30 07:18:00,150226,18,-0.35,2016-03-30 08:33:31,2016-03-30 07:18:00,0.833333333333333,1
2W07,SCARBRO,2016-03-30 10:00:00,158855,20,-0.733333333333333,2016-03-30 11:27:00,2016-03-30 10:00:00,0.833333333333333,1
2C67,KNRSBGH,2016-03-30 07:57:00,155346,9,-0.416666666666667,2016-03-30 08:38:05,2016-03-30 08:00:00,0.833333333333333,0.9
2N14,SHEFFLD,2016-03-30 07:15:00,158793,30,-0.55,2016-03-30 08:31:13,2016-03-30 07:17:00,0.833333333333333,1
2N23,HAZL,2016-03-30 09:36:00,150135,41,-0.516666666666667,2016-03-30 11:27:21,2016-03-30 09:35:21,0.833333333333333,1
2C09,KNRSBGH,2016-03-30 07:42:00,150275,11,-0.6,2016-03-30 08:29:36,2016-03-30 07:45:00,0.833333333333333,0.916666666666667
2C16,LEEDS,2016-03-30 08:59:00,153358,12,-0.666666666666667,2016-03-30 09:46:30,2016-03-30 08:58:00,0.833333333333333,1
2M40,LEEDS,2016-03-30 09:51:00,153378,17,-0.433333333333333,2016-03-30 11:08:36,2016-03-30 09:50:00,0.833333333333333,1
2M40,LEEDS,2016-03-30 09:51:00,153378,17,-0.433333333333333,2016-03-30 11:08:36,2016-03-30 09:50:00,0.833333333333333,1
2N93,BOLTON,2016-03-30 07:41:00,150118,23,-0.616666666666667,2016-03-30 08:48:57,2016-03-30 07:46:00,0.833333333333333,0.958333333333333
2N21,SLFDCT,2016-03-30 07:55:00,150103,21,-0.783333333333333,2016-03-30 08:46:47,2016-03-30 07:50:27,0.833333333333333,1
2H90,MNCRPIC,2016-03-30 11:49:00,150148,26,-0.616666666666667,2016-03-30 12:42:27,2016-03-30 11:49:00,0.833333333333333,0.962962962962963
2M06,LEEDS,2016-03-30 10:18:00,158758,16,-0.333333333333333,2016-03-30 11:24:10,2016-03-30 10:18:00,0.833333333333333,1
2N12,BLCKS,2016-03-30 07:19:00,142028,32,-0.55,2016-03-30 09:08:33,2016-03-30 07:17:23,0.833333333333333,1
2F86,BRTHMBR,2016-03-30 09:50:00,153359,19,-0.566666666666667,2016-03-30 10:42:34,2016-03-30 09:47:34,0.833333333333333,1
2F95,MNCROXR,2016-03-30 08:15:00,142009,27,-0.683333333333333,2016-03-30 09:23:00,2016-03-30 08:18:00,0.833333333333333,0.964285714285714
2W22,HULL,2016-03-30 11:44:00,158855,12,-0.733333333333333,2016-03-30 12:29:00,2016-03-30 11:44:00,0.833333333333333,1
2W72,HDRSFLD,2016-03-30 11:50:00,150150,12,-0.4,2016-03-30 12:44:00,2016-03-30 11:47:44,0.833333333333333,0.8
2H31,CHST,2016-03-30 10:59:00,150145,40,-0.433333333333333,2016-03-30 12:31:06,2016-03-30 10:59:00,0.833333333333333,1
2F88,BRTHMBR,2016-03-30 11:50:00,153359,18,-0.566666666666667,2016-03-30 12:38:24,2016-03-30 11:46:14,0.833333333333333,1
2C45,BAROW,2016-03-30 10:10:00,142091,45,-0.4,2016-03-30 12:34:04,2016-03-30 10:10:00,0.833333333333333,1
2H40,LVRPLSH,2016-03-30 08:26:00,156463,25,-0.616666666666667,2016-03-30 09:41:27,2016-03-30 08:27:00,0.833333333333333,1
2F89,MNCRIAP,2016-03-30 12:03:00,156428,10,-0.55,2016-03-30 12:37:03,2016-03-30 12:06:00,0.833333333333333,0.909090909090909
2F85,CLTHRPS,2016-03-30 08:55:00,153359,16,-0.566666666666667,2016-03-30 09:50:04,2016-03-30 09:01:00,0.833333333333333,1
1W28,SHEFFLD,2016-03-30 08:41:00,158816,28,-0.433333333333333,2016-03-30 10:53:06,2016-03-30 08:40:00,0.833333333333333,1
1B10,YORK,2016-03-30 06:20:00,158901,49,-0.466666666666667,2016-03-30 09:25:38,2016-03-30 06:20:00,0.833333333333333,1
1J23,BRDLNGT,2016-03-30 08:08:00,158860,26,-0.7,2016-03-30 10:20:01,2016-03-30 08:08:00,0.833333333333333,1
2W18,MDLSBRO,2016-03-30 08:32:00,142088,35,-0.566666666666667,2016-03-30 10:34:54,2016-03-30 08:32:00,0.833333333333333,1
2C20,LEEDS,2016-03-30 09:59:00,153330,12,-0.8,2016-03-30 10:46:03,2016-03-30 10:00:00,0.833333333333333,1
2F99,MNCROXR,2016-03-30 09:16:00,156420,25,-0.716666666666667,2016-03-30 10:23:03,2016-03-30 09:17:00,0.833333333333333,0.961538461538462
2D19,SBRN,2016-03-30 10:57:00,142064,18,-0.733333333333333,2016-03-30 11:51:04,2016-03-30 10:58:44,0.833333333333333,1
2N22,HAZL,2016-03-30 08:36:00,150134,43,-0.783333333333333,2016-03-30 10:32:47,2016-03-30 08:36:00,0.833333333333333,1
1L79,LEEDS,2016-03-30 09:40:00,158850,14,-0.6,2016-03-30 10:35:16,2016-03-30 09:40:00,0.833333333333333,1
2H08,BLCKPLN,2016-03-30 08:54:00,150271,43,-0.716666666666667,2016-03-30 10:51:43,2016-03-30 08:54:00,0.833333333333333,1
1M53,LEEDS,2016-03-30 09:47:00,158784,16,-0.25,2016-03-30 10:51:05,2016-03-30 09:47:00,0.833333333333333,0.941176470588235
1Y20,NTNG,2016-03-30 10:17:00,158792,32,-0.316666666666667,2016-03-30 12:16:00,2016-03-30 10:18:00,0.833333333333333,1
2C16,LEEDS,2016-03-30 08:59:00,155346,12,-0.583333333333333,2016-03-30 09:46:25,2016-03-30 08:58:00,0.833333333333333,1
1Y13,LEEDS,2016-03-30 08:05:00,158792,32,-0.483333333333333,2016-03-30 09:59:49,2016-03-30 08:03:49,0.833333333333333,1
2N14,HEXHAM,2016-03-30 09:43:00,156481,17,-0.616666666666667,2016-03-30 10:26:47,2016-03-30 09:43:00,0.833333333333333,1
2U13,HBDNBDG,2016-03-30 07:39:00,158842,22,-0.766666666666667,2016-03-30 08:50:11,2016-03-30 07:39:00,0.833333333333333,1
2R84,HULL,2016-03-30 10:12:00,158796,17,-0.383333333333333,2016-03-30 11:22:00,2016-03-30 10:12:00,0.833333333333333,1
2C27,KNRSBGH,2016-03-30 12:06:00,155346,7,-0.5,2016-03-30 12:38:35,2016-03-30 12:09:00,0.833333333333333,0.636363636363636
2H06,BLCKPLN,2016-03-30 07:49:00,150220,22,-0.516666666666667,2016-03-30 09:06:00,2016-03-30 07:54:00,0.833333333333333,1
2W72,HDRSFLD,2016-03-30 11:50:00,153301,12,-0.25,2016-03-30 12:44:00,2016-03-30 11:47:45,0.833333333333333,0.8
2U18,LEEDS,2016-03-30 07:23:00,158795,33,-0.516666666666667,2016-03-30 08:57:41,2016-03-30 07:23:00,0.833333333333333,1
2H46,LVRPLSH,2016-03-30 07:25:00,156427,26,-0.65,2016-03-30 08:46:54,2016-03-30 07:21:04,0.833333333333333,1
2N16,BLCKS,2016-03-30 09:20:00,150149,41,-0.65,2016-03-30 11:12:29,2016-03-30 09:16:39,0.833333333333333,1
2H29,CREWE,2016-03-30 07:22:00,142037,37,-0.583333333333333,2016-03-30 09:00:25,2016-03-30 07:22:00,0.833333333333333,1
2R89,YORK,2016-03-30 11:02:00,158790,8,-0.75,2016-03-30 11:30:55,2016-03-30 11:02:00,0.833333333333333,1
2F99,MNCROXR,2016-03-30 11:44:00,150141,28,-0.75,2016-03-30 12:42:05,2016-03-30 11:43:00,0.833333333333333,0.875
2R56,ADWICK,2016-03-30 08:15:00,142051,19,-0.766666666666667,2016-03-30 09:03:56,2016-03-30 08:15:00,0.833333333333333,1
2N58,SLFDCT,2016-03-30 10:04:00,156441,21,-0.483333333333333,2016-03-30 11:18:19,2016-03-30 10:04:00,0.833333333333333,1
2H05,BUXTON,2016-03-30 10:29:00,150148,22,-0.783333333333333,2016-03-30 11:25:07,2016-03-30 10:29:00,0.833333333333333,1
2F89,HDRSFLD,2016-03-30 08:15:00,150133,11,-0.466666666666667,2016-03-30 08:51:48,2016-03-30 08:15:00,0.833333333333333,1
2J14,HDRSFLD,2016-03-30 09:59:00,158842,17,-0.683333333333333,2016-03-30 10:34:21,2016-03-30 10:01:00,0.833333333333333,1
2F99,MNCROXR,2016-03-30 11:44:00,156427,28,-0.75,2016-03-30 12:42:05,2016-03-30 11:43:00,0.833333333333333,0.875
2F07,LEEDS,2016-03-30 08:00:00,150270,13,-0.866666666666667,2016-03-30 08:35:32,2016-03-30 08:00:00,0.833333333333333,1
2F91,MNCROXR,2016-03-30 12:16:00,156420,11,-0.55,2016-03-30 12:42:00,2016-03-30 12:17:00,0.833333333333333,0.611111111111111
2C26,LEEDS,2016-03-30 11:29:00,150137,18,-0.4,2016-03-30 12:41:24,2016-03-30 11:30:00,0.833333333333333,0.947368421052632
2N22,HAZL,2016-03-30 08:36:00,150228,43,-0.733333333333333,2016-03-30 10:32:54,2016-03-30 08:36:00,0.833333333333333,1
2N19,NWCSTLE,2016-03-30 10:54:00,156481,17,-0.616666666666667,2016-03-30 11:34:57,2016-03-30 10:55:00,0.833333333333333,1
2T76,BLCKPLN,2016-03-30 08:21:00,156429,23,-0.483333333333333,2016-03-30 09:29:29,2016-03-30 08:21:00,0.833333333333333,1
1Y17,LEEDS,2016-03-30 09:05:00,158903,31,-0.583333333333333,2016-03-30 10:58:05,2016-03-30 09:05:00,0.833333333333333,0.96875
2C26,LEEDS,2016-03-30 11:29:00,150143,18,-0.4,2016-03-30 12:41:24,2016-03-30 11:30:00,0.833333333333333,0.947368421052632
5J50,CLITHRO,2016-03-30 12:17:00,150276,1,1.1,2016-03-30 12:17:00,2016-03-30 12:15:04,0.833333333333333,1
5D22,MDLSBRO,2016-03-30 10:17:00,156448,1,-0.116666666666667,2016-03-30 10:19:57,2016-03-30 10:18:17,0.833333333333333,0.5
2F95,MNCROXR,2016-03-30 10:44:00,156472,34,-0.65,2016-03-30 11:51:28,2016-03-30 10:43:00,0.833333333333333,1
2R64,ADWICK,2016-03-30 10:15:00,150115,20,-0.75,2016-03-30 11:04:05,2016-03-30 10:14:15,0.833333333333333,1
2T78,BLCKPLN,2016-03-30 09:21:00,150118,26,-0.45,2016-03-30 10:28:17,2016-03-30 09:21:00,0.833333333333333,1
2W09,BRDLNGT,2016-03-30 11:41:00,158853,12,-0.416666666666667,2016-03-30 12:21:46,2016-03-30 11:41:00,0.833333333333333,1
2N55,BUXTON,2016-03-30 06:53:00,150276,37,-0.733333333333333,2016-03-30 09:17:24,2016-03-30 06:53:00,0.833333333333333,1
2H06,BLCKPLN,2016-03-30 07:49:00,150201,44,-0.65,2016-03-30 09:54:39,2016-03-30 07:54:00,0.833333333333333,1
2F97,MNCROXR,2016-03-30 08:44:00,150141,29,-0.666666666666667,2016-03-30 09:51:15,2016-03-30 08:42:35,0.833333333333333,1
2N25,HAZL,2016-03-30 11:36:00,150222,28,-0.533333333333333,2016-03-30 12:37:12,2016-03-30 11:33:22,0.833333333333333,1
5J50,CLITHRO,2016-03-30 12:17:00,150205,1,1.15,2016-03-30 12:17:00,2016-03-30 12:15:01,0.833333333333333,1
2E76,ASHONUL,2016-03-30 10:07:00,150223,12,-0.616666666666667,2016-03-30 10:40:07,2016-03-30 10:11:00,0.833333333333333,1
2S19,COLNE,2016-03-30 09:21:00,142028,41,-0.716666666666667,2016-03-30 11:12:43,2016-03-30 09:28:53,0.833333333333333,1
2H06,BLCKPLN,2016-03-30 07:49:00,150201,44,-0.65,2016-03-30 09:54:39,2016-03-30 07:54:00,0.833333333333333,1
2T82,BLCKPLN,2016-03-30 11:21:00,156429,25,-0.633333333333333,2016-03-30 12:30:48,2016-03-30 11:26:00,0.833333333333333,0.961538461538462
2R92,BEVERLY,2016-03-30 06:36:00,158790,17,-0.35,2016-03-30 08:20:11,2016-03-30 06:49:00,0.833333333333333,0.944444444444444
2S13,COLNE,2016-03-30 11:21:00,150149,34,-0.483333333333333,2016-03-30 12:37:59,2016-03-30 11:21:00,0.833333333333333,1
2D22,MDLSBRO,2016-03-30 10:28:00,156448,21,-0.616666666666667,2016-03-30 11:57:00,2016-03-30 10:37:00,0.833333333333333,0.954545454545455
2N97,BOLTON,2016-03-30 08:41:00,150220,19,-0.433333333333333,2016-03-30 10:06:41,2016-03-30 09:02:31,0.833333333333333,1
2C25,YORK,2016-03-30 11:11:00,150275,21,-0.583333333333333,2016-03-30 12:22:00,2016-03-30 11:11:00,0.833333333333333,1
2F87,CLTHRPS,2016-03-30 10:55:00,153359,20,-0.566666666666667,2016-03-30 11:50:54,2016-03-30 10:55:00,0.833333333333333,1
2H01,BUXTON,2016-03-30 08:27:00,156468,16,-0.216666666666667,2016-03-30 09:28:33,2016-03-30 08:27:00,0.833333333333333,1
2H44,LVRPLSH,2016-03-30 09:27:00,156472,25,-0.816666666666667,2016-03-30 10:36:09,2016-03-30 09:28:00,0.833333333333333,1
2N14,SHEFFLD,2016-03-30 07:15:00,158848,30,-0.566666666666667,2016-03-30 08:31:04,2016-03-30 07:17:00,0.833333333333333,1
2H02,BLCKPLN,2016-03-30 10:56:00,150228,42,-0.566666666666667,2016-03-30 12:42:14,2016-03-30 10:56:00,0.833333333333333,0.976744186046512
2W20,HULL,2016-03-30 10:44:00,158853,12,-0.583333333333333,2016-03-30 11:28:05,2016-03-30 10:44:00,0.833333333333333,1
2W60,KKBY,2016-03-30 08:22:00,156483,18,-0.841666666666667,2016-03-30 09:47:11,2016-03-30 08:44:00,0.820833333333333,0.857142857142857
2T80,BLCKPLN,2016-03-30 10:21:00,150220,25,-0.683333333333333,2016-03-30 11:50:40,2016-03-30 10:32:00,0.816666666666667,1
1Y09,LEEDS,2016-03-30 07:05:00,158902,30,-0.466666666666667,2016-03-30 09:00:00,2016-03-30 07:05:00,0.791666666666667,1
2C20,DONC,2016-03-30 09:52:00,158797,15,-0.583333333333333,2016-03-30 10:51:54,2016-03-30 09:53:00,0.791666666666667,1
1L74,RTFD,2016-03-30 07:01:00,158903,25,-0.75,2016-03-30 08:49:00,2016-03-30 07:01:00,0.791666666666667,1
5F99,LVRPLSH,2016-03-30 00:45:00,156463,5,-0.7,2016-03-30 00:53:07,2016-03-30 00:37:27,0.791666666666667,1
2F85,HDRSFLD,2016-03-30 09:16:00,150223,10,-0.616666666666667,2016-03-30 09:55:07,2016-03-30 09:17:00,0.791666666666667,1
2N00,HEXHAM,2016-03-30 06:12:00,142088,27,-0.4,2016-03-30 08:22:54,2016-03-30 06:12:00,0.791666666666667,0.931034482758621
2H96,MNCRPIC,2016-03-30 09:49:00,150136,26,-0.566666666666667,2016-03-30 10:48:54,2016-03-30 09:49:00,0.791666666666667,1
2H96,MNCRPIC,2016-03-30 09:49:00,150225,26,-0.566666666666667,2016-03-30 10:48:44,2016-03-30 09:49:00,0.791666666666667,1
1Y16,NTNG,2016-03-30 09:17:00,158902,30,-0.633333333333333,2016-03-30 11:16:18,2016-03-30 09:19:00,0.791666666666667,0.967741935483871
2C11,HULL,2016-03-30 06:41:00,158816,32,-0.266666666666667,2016-03-30 08:32:56,2016-03-30 06:41:00,0.791666666666667,1
2T84,BLCKPLN,2016-03-30 12:21:00,150118,6,-0.116666666666667,2016-03-30 12:39:07,2016-03-30 12:21:00,0.791666666666667,0.375
1L81,LEEDS,2016-03-30 10:40:00,158842,15,-0.6,2016-03-30 11:38:41,2016-03-30 10:40:00,0.791666666666667,1
2F97,MNCROXR,2016-03-30 08:44:00,156427,29,-0.733333333333333,2016-03-30 09:51:14,2016-03-30 08:42:34,0.791666666666667,1
2C67,KNRSBGH,2016-03-30 07:57:00,153358,9,-0.5,2016-03-30 08:38:10,2016-03-30 08:00:00,0.791666666666667,0.9
2W69,SELBY,2016-03-30 09:54:00,153301,26,-0.4,2016-03-30 11:50:45,2016-03-30 09:54:00,0.758333333333333,1
2W69,SELBY,2016-03-30 09:54:00,153301,26,-0.4,2016-03-30 11:50:45,2016-03-30 09:54:00,0.758333333333333,1
2K17,LEEDS,2016-03-30 10:52:00,150116,12,-0.866666666666667,2016-03-30 11:27:52,2016-03-30 10:56:00,0.75,0.923076923076923
2C23,KNRSBGH,2016-03-30 11:06:00,155345,11,-0.75,2016-03-30 11:51:45,2016-03-30 11:09:00,0.75,0.916666666666667
5W35,GTSHDMC,2016-03-30 12:23:00,156443,2,-0.266666666666667,2016-03-30 12:31:06,2016-03-30 12:22:06,0.75,1
2S22,MNCRPIC,2016-03-30 10:49:00,150132,27,-0.633333333333333,2016-03-30 12:07:18,2016-03-30 10:49:00,0.75,0.964285714285714
2F84,BRTHMBR,2016-03-30 07:56:00,153359,13,-0.55,2016-03-30 08:48:03,2016-03-30 07:56:00,0.75,1
2F64,KNTNGLY,2016-03-30 08:53:00,150270,8,-0.533333333333333,2016-03-30 09:18:12,2016-03-30 08:53:00,0.75,1
2C23,SCARBRO,2016-03-30 06:50:00,158797,20,-0.6,2016-03-30 09:29:45,2016-03-30 06:50:00,0.75,0.833333333333333
2H51,ROHL,2016-03-30 08:53:00,142052,16,-0.516666666666667,2016-03-30 09:30:21,2016-03-30 08:53:51,0.75,1
1W34,SHEFFLD,2016-03-30 10:41:00,158860,26,-0.683333333333333,2016-03-30 12:41:21,2016-03-30 10:41:00,0.75,0.962962962962963
2S33,SHEFFLD,2016-03-30 12:14:00,150132,8,-0.55,2016-03-30 12:42:00,2016-03-30 12:14:00,0.75,0.615384615384615
2J62,WIGANWL,2016-03-30 08:05:00,150138,19,-0.766666666666667,2016-03-30 08:51:26,2016-03-30 08:07:26,0.75,1
1Y24,NTNG,2016-03-30 11:17:00,158903,22,-0.583333333333333,2016-03-30 12:42:00,2016-03-30 11:20:00,0.75,0.785714285714286
2C37,BAROW,2016-03-30 08:05:00,142091,15,-0.566666666666667,2016-03-30 09:01:44,2016-03-30 08:05:00,0.75,1
2N22,HEXHAM,2016-03-30 11:43:00,156481,20,-0.616666666666667,2016-03-30 12:39:07,2016-03-30 11:43:00,0.75,0.740740740740741
2C43,HULL,2016-03-30 11:23:00,158797,15,-0.4,2016-03-30 12:24:24,2016-03-30 11:23:00,0.75,1
2N25,HAZL,2016-03-30 11:36:00,150271,28,-0.55,2016-03-30 12:37:13,2016-03-30 11:33:23,0.75,1
2H48,LVRPLSH,2016-03-30 10:27:00,150141,27,-0.583333333333333,2016-03-30 11:34:55,2016-03-30 10:30:00,0.75,1
2W63,SELBY,2016-03-30 06:54:00,150116,25,-0.366666666666667,2016-03-30 08:47:32,2016-03-30 06:54:00,0.75,1
2H56,MNCRPIC,2016-03-30 10:34:00,150272,17,-0.583333333333333,2016-03-30 11:05:20,2016-03-30 10:35:00,0.75,1
2H48,LVRPLSH,2016-03-30 10:27:00,156427,27,-0.583333333333333,2016-03-30 11:34:55,2016-03-30 10:30:00,0.75,1
2T92,LEEDS,2016-03-30 08:00:00,158796,11,-0.391666666666667,2016-03-30 08:34:24,2016-03-30 08:02:00,0.75,0.916666666666667
2H92,MNCRPIC,2016-03-30 07:49:00,156491,18,-0.383333333333333,2016-03-30 08:45:43,2016-03-30 07:47:53,0.75,1
2A10,SOUTHPT,2016-03-30 11:23:00,150112,24,-0.583333333333333,2016-03-30 12:40:05,2016-03-30 11:23:00,0.75,0.888888888888889
2S21,SHEFFLD,2016-03-30 09:14:00,150132,30,-0.466666666666667,2016-03-30 10:35:08,2016-03-30 09:13:00,0.708333333333333,1
2C35,BAROW,2016-03-30 06:51:00,156469,30,-0.566666666666667,2016-03-30 09:21:24,2016-03-30 06:51:00,0.708333333333333,1
2M02,SELBY,2016-03-30 07:41:00,158753,27,-0.6,2016-03-30 09:33:51,2016-03-30 07:41:00,0.708333333333333,1
2E72,ASHONUL,2016-03-30 08:07:00,150223,11,-0.283333333333333,2016-03-30 08:40:07,2016-03-30 08:11:00,0.708333333333333,1
2A04,NWCSTLE,2016-03-30 09:15:00,156480,7,-0.666666666666667,2016-03-30 09:36:25,2016-03-30 09:15:00,0.708333333333333,1
2C46,CARLILE,2016-03-30 12:08:00,153304,8,-0.525,2016-03-30 12:41:12,2016-03-30 12:09:00,0.704166666666667,0.571428571428571
2C34,MPRT,2016-03-30 06:46:00,153360,23,-0.5,2016-03-30 08:46:41,2016-03-30 06:46:00,0.683333333333333,1
1J25,BRDLNGT,2016-03-30 10:11:00,158844,23,-0.766666666666667,2016-03-30 12:16:46,2016-03-30 10:50:00,0.666666666666667,0.884615384615385
2D46,MNCRPIC,2016-03-30 09:17:00,150145,36,-0.6,2016-03-30 10:48:36,2016-03-30 09:18:00,0.666666666666667,0.972972972972973
2R15,LINCLNC,2016-03-30 11:25:00,142051,19,-0.6,2016-03-30 12:40:56,2016-03-30 11:25:00,0.666666666666667,0.678571428571429
2N57,SLFDCT,2016-03-30 09:04:00,150215,20,-0.533333333333333,2016-03-30 10:17:12,2016-03-30 09:04:00,0.666666666666667,1
2W64,HDRSFLD,2016-03-30 07:51:00,142062,15,-0.466666666666667,2016-03-30 08:56:08,2016-03-30 07:46:58,0.666666666666667,1
2W64,HDRSFLD,2016-03-30 07:51:00,142062,15,-0.466666666666667,2016-03-30 08:56:08,2016-03-30 07:46:58,0.666666666666667,1
2C38,SELAFLD,2016-03-30 09:06:00,142091,17,-0.733333333333333,2016-03-30 10:04:24,2016-03-30 09:01:44,0.666666666666667,1
2H04,BLCKPLN,2016-03-30 11:56:00,150117,12,-0.433333333333333,2016-03-30 12:39:46,2016-03-30 12:07:00,0.666666666666667,0.571428571428571
2H50,MNCRPIC,2016-03-30 09:05:00,150272,19,-0.5,2016-03-30 09:36:20,2016-03-30 09:01:40,0.666666666666667,1
2P80,SHEFFLD,2016-03-30 09:44:00,142051,23,-0.35,2016-03-30 11:02:16,2016-03-30 09:45:00,0.666666666666667,1
2N91,BOLTON,2016-03-30 10:41:00,150118,24,-0.783333333333333,2016-03-30 11:46:27,2016-03-30 10:40:00,0.666666666666667,1
2H98,MNCRPIC,2016-03-30 10:49:00,156491,27,-0.5,2016-03-30 11:46:00,2016-03-30 10:49:00,0.666666666666667,1
2J62,WIGANWL,2016-03-30 08:05:00,156428,19,-0.7,2016-03-30 08:51:22,2016-03-30 08:07:22,0.666666666666667,1
2N18,HEXHAM,2016-03-30 10:45:00,142088,31,-0.566666666666667,2016-03-30 12:41:34,2016-03-30 10:45:00,0.666666666666667,0.794871794871795
2C79,LANCSTR,2016-03-30 09:15:00,156454,5,-0.416666666666667,2016-03-30 09:25:15,2016-03-30 09:15:00,0.666666666666667,1
2C78,MORCAME,2016-03-30 08:52:00,156454,4,-0.416666666666667,2016-03-30 09:07:15,2016-03-30 08:51:00,0.666666666666667,1
2N21,NWCSTLE,2016-03-30 11:22:00,156480,13,-0.416666666666667,2016-03-30 12:40:55,2016-03-30 11:22:00,0.666666666666667,0.928571428571429
2H02,BLCKPLN,2016-03-30 10:56:00,150134,42,-0.616666666666667,2016-03-30 12:42:17,2016-03-30 10:56:00,0.666666666666667,0.976744186046512
1W36,SHEFFLD,2016-03-30 11:41:00,158909,16,-0.816666666666667,2016-03-30 12:39:59,2016-03-30 11:42:00,0.666666666666667,0.8
2H04,BLCKPLN,2016-03-30 11:56:00,150135,12,-0.35,2016-03-30 12:39:51,2016-03-30 12:07:00,0.666666666666667,0.571428571428571
2F13,LEEDS,2016-03-30 11:00:00,150270,12,-0.616666666666667,2016-03-30 11:37:12,2016-03-30 11:02:00,0.666666666666667,1
5J57,MNCRPIC,2016-03-30 11:02:00,156468,10,-0.55,2016-03-30 11:42:03,2016-03-30 11:01:00,0.666666666666667,1
2H56,MNCRPIC,2016-03-30 08:17:00,142052,18,-0.683333333333333,2016-03-30 08:55:41,2016-03-30 08:17:51,0.666666666666667,1
5J57,MNCRPIC,2016-03-30 11:02:00,156468,10,-0.55,2016-03-30 11:42:03,2016-03-30 11:01:00,0.666666666666667,1
2F11,MNCROXR,2016-03-30 11:14:00,142009,20,-0.85,2016-03-30 12:20:00,2016-03-30 11:15:00,0.666666666666667,1
5J51,MNCRPIC,2016-03-30 09:53:00,142052,9,-0.85,2016-03-30 10:18:51,2016-03-30 09:53:00,0.666666666666667,1
2J11,LEEDS,2016-03-30 08:57:00,158842,18,-0.516666666666667,2016-03-30 09:37:31,2016-03-30 09:02:00,0.666666666666667,0.947368421052632
5J51,MNCRPIC,2016-03-30 09:53:00,142052,9,-0.85,2016-03-30 10:18:51,2016-03-30 09:53:00,0.666666666666667,1
2E78,ASHONUL,2016-03-30 11:07:00,150133,13,-0.45,2016-03-30 11:39:27,2016-03-30 11:07:00,0.666666666666667,1
2F87,HDRSFLD,2016-03-30 11:15:00,150223,12,-0.45,2016-03-30 12:03:47,2016-03-30 11:28:00,0.666666666666667,1
2F93,MNCROXR,2016-03-30 07:39:00,156472,33,-0.491666666666667,2016-03-30 08:57:29,2016-03-30 07:35:39,0.666666666666667,1
2C77,LANCSTR,2016-03-30 08:35:00,156454,4,-0.5,2016-03-30 08:44:05,2016-03-30 08:38:00,0.666666666666667,1
2H42,LVRPLSH,2016-03-30 11:27:00,156463,26,-0.783333333333333,2016-03-30 12:34:57,2016-03-30 11:27:00,0.625,1
1L83,LEEDS,2016-03-30 11:40:00,158902,14,-0.466666666666667,2016-03-30 12:37:08,2016-03-30 11:40:00,0.625,1
2R91,YORK,2016-03-30 08:43:00,158859,13,-0.65,2016-03-30 09:39:49,2016-03-30 08:43:00,0.625,1
2R91,YORK,2016-03-30 08:43:00,158796,13,-0.725,2016-03-30 09:39:43,2016-03-30 08:43:00,0.625,1
2E74,ASHONUL,2016-03-30 09:07:00,150133,12,-0.466666666666667,2016-03-30 09:41:08,2016-03-30 09:11:00,0.625,1
2K09,LEEDS,2016-03-30 08:52:00,153301,13,-0.466666666666667,2016-03-30 09:37:03,2016-03-30 09:02:00,0.625,1
2S26,MNCRPIC,2016-03-30 11:49:00,150146,13,-0.533333333333333,2016-03-30 12:21:08,2016-03-30 11:47:08,0.625,0.928571428571429
2W27,GTSHDMC,2016-03-30 10:31:00,156480,5,-0.666666666666667,2016-03-30 10:40:25,2016-03-30 10:28:55,0.625,1
2T92,LEEDS,2016-03-30 08:00:00,158859,11,-0.316666666666667,2016-03-30 08:34:19,2016-03-30 08:02:00,0.625,0.916666666666667
2F83,HDRSFLD,2016-03-30 12:15:00,150133,8,-0.45,2016-03-30 12:41:27,2016-03-30 12:15:00,0.625,0.727272727272727
2K09,LEEDS,2016-03-30 08:52:00,150150,13,-0.483333333333333,2016-03-30 09:37:04,2016-03-30 09:02:00,0.625,1
1B21,BLCKPLN,2016-03-30 12:11:00,158815,8,-0.55,2016-03-30 12:41:54,2016-03-30 12:11:00,0.591666666666667,0.571428571428571
2K21,LEEDS,2016-03-30 11:52:00,155341,12,-0.733333333333333,2016-03-30 12:21:24,2016-03-30 11:52:00,0.583333333333333,1
5T06,HAZL,2016-03-30 09:50:00,150201,6,-0.483333333333333,2016-03-30 10:19:29,2016-03-30 09:52:19,0.583333333333333,1
5T06,HAZL,2016-03-30 09:50:00,150201,6,-0.483333333333333,2016-03-30 10:19:29,2016-03-30 09:52:19,0.583333333333333,1
1Y29,LEEDS,2016-03-30 12:05:00,158850,10,-0.6,2016-03-30 12:40:16,2016-03-30 12:05:00,0.583333333333333,0.666666666666667
1Y28,NTNG,2016-03-30 12:17:00,158791,5,-0.616666666666667,2016-03-30 12:39:27,2016-03-30 12:19:00,0.583333333333333,0.333333333333333
2C71,LANCSTR,2016-03-30 09:51:00,156454,5,-0.583333333333333,2016-03-30 10:02:15,2016-03-30 09:53:00,0.583333333333333,1
2C11,HAGT,2016-03-30 08:15:00,150144,7,-1.13333333333333,2016-03-30 08:51:48,2016-03-30 08:24:00,0.583333333333333,0.875
5Y51,LEEDS,2016-03-30 09:16:00,142062,2,-0.133333333333333,2016-03-30 09:25:08,2016-03-30 09:22:00,0.583333333333333,1
5Y51,LEEDS,2016-03-30 09:16:00,142062,2,-0.133333333333333,2016-03-30 09:25:08,2016-03-30 09:22:00,0.583333333333333,1
2D65,WTBY,2016-03-30 12:18:00,156448,8,-0.283333333333333,2016-03-30 12:39:47,2016-03-30 12:18:00,0.583333333333333,0.571428571428571
2C75,LANCSTR,2016-03-30 12:04:00,156454,5,-0.916666666666667,2016-03-30 12:16:55,2016-03-30 12:04:05,0.583333333333333,1
2H54,MNCRPIC,2016-03-30 08:07:00,150272,13,-0.75,2016-03-30 08:35:50,2016-03-30 08:07:00,0.541666666666667,1
2W66,HDRSFLD,2016-03-30 08:50:00,150116,14,-0.283333333333333,2016-03-30 09:53:52,2016-03-30 08:53:00,0.541666666666667,1
2W20,NWCSTLE,2016-03-30 10:44:00,156443,5,-0.85,2016-03-30 10:55:46,2016-03-30 10:43:00,0.5,1
2W10,HULL,2016-03-30 07:52:00,158909,4,-0.316666666666667,2016-03-30 08:38:39,2016-03-30 07:52:00,0.5,1
2N24,SHEFFLD,2016-03-30 12:14:00,153328,10,-0.716666666666667,2016-03-30 12:41:33,2016-03-30 12:15:00,0.5,0.434782608695652
5N93,BLCKPLN,2016-03-30 00:55:00,156441,2,-0.05,2016-03-30 00:56:33,2016-03-30 00:54:33,0.5,1
5N93,BLCKPLN,2016-03-30 00:55:00,150210,2,-0.1,2016-03-30 00:56:36,2016-03-30 00:54:36,0.5,1
5F64,KNTNGLY,2016-03-30 08:35:00,150270,2,-0.7,2016-03-30 08:46:12,2016-03-30 08:36:00,0.5,1
2W69,SELBY,2016-03-30 09:54:00,150150,26,-0.4,2016-03-30 11:50:44,2016-03-30 09:54:00,0.5,1
2W69,SELBY,2016-03-30 09:54:00,150150,26,-0.4,2016-03-30 11:50:44,2016-03-30 09:54:00,0.5,1
2W73,SELBY,2016-03-30 11:54:00,150116,14,-0.533333333333333,2016-03-30 12:39:32,2016-03-30 11:54:00,0.5,0.777777777777778
2C74,MORCAME,2016-03-30 11:45:00,156454,4,-0.416666666666667,2016-03-30 11:55:05,2016-03-30 11:40:45,0.5,1
5J15,MNCRPIC,2016-03-30 08:33:00,156423,19,-0.616666666666667,2016-03-30 09:48:17,2016-03-30 08:37:00,0.5,1
5J15,MNCRPIC,2016-03-30 08:33:00,156423,19,-0.616666666666667,2016-03-30 09:48:17,2016-03-30 08:37:00,0.5,1
2T87,YORK,2016-03-30 07:40:00,153301,12,-0.716666666666667,2016-03-30 08:32:33,2016-03-30 07:44:00,0.4625,1
1L75,LEEDS,2016-03-30 07:40:00,158791,14,-0.366666666666667,2016-03-30 08:39:37,2016-03-30 07:40:00,0.458333333333333,1
2T87,YORK,2016-03-30 07:40:00,150150,12,-0.733333333333333,2016-03-30 08:32:44,2016-03-30 07:44:00,0.458333333333333,1
2R88,SELBY,2016-03-30 11:40:00,158790,9,-0.416666666666667,2016-03-30 12:09:35,2016-03-30 11:40:00,0.416666666666667,1
2C70,MORCAME,2016-03-30 09:33:00,156454,3,-0.5,2016-03-30 09:39:25,2016-03-30 09:33:00,0.375,1
2A12,GTSHDMC,2016-03-30 11:02:00,156443,11,-0.6,2016-03-30 11:37:36,2016-03-30 11:00:16,0.333333333333333,1
2F70,KNTNGLY,2016-03-30 11:53:00,150270,8,-0.7,2016-03-30 12:15:52,2016-03-30 11:52:00,0.333333333333333,1
5E74,ASHONUL,2016-03-30 08:55:00,150133,2,-0.3,2016-03-30 09:00:00,2016-03-30 08:54:00,0.333333333333333,1
5U21,MSTN,2016-03-30 09:00:00,158795,2,-0.0166666666666667,2016-03-30 09:06:00,2016-03-30 09:00:00,0.333333333333333,1
2C73,LANCSTR,2016-03-30 11:29:00,156454,5,-0.75,2016-03-30 11:40:45,2016-03-30 11:29:00,0.25,1
5N04,NWCSTLE,2016-03-30 10:40:00,156451,2,-1.6,2016-03-30 10:46:46,2016-03-30 10:40:00,0.166666666666667,0.666666666666667
5N46,LEEDS,2016-03-30 00:37:00,142062,1,-1.3,2016-03-30 00:48:18,2016-03-30 00:47:00,0,0.5
5K21,NEVLTMD,2016-03-30 11:30:00,142079,1,-0.3,2016-03-30 11:38:18,2016-03-30 11:38:00,0,0.5
5U17,MSTN,2016-03-30 08:00:00,158758,1,3,2016-03-30 08:03:00,2016-03-30 08:00:00,0,1
5K21,NEVLTMD,2016-03-30 11:30:00,155341,1,-0.383333333333333,2016-03-30 11:38:23,2016-03-30 11:38:00,0,0.5
5F06,LEEDS,2016-03-30 08:30:00,142079,1,-0.966666666666667,2016-03-30 08:27:58,2016-03-30 08:27:00,0,0.5
5B11,BLCKNCS,2016-03-30 06:52:00,158755,1,-2.76666666666667,2016-03-30 06:37:46,2016-03-30 06:35:00,0,1
5H06,BLCKNCS,2016-03-30 07:30:00,150201,1,-2.15,2016-03-30 06:59:09,2016-03-30 06:57:00,0,1
5H06,BLCKNCS,2016-03-30 07:30:00,150220,1,-2.01666666666667,2016-03-30 06:59:01,2016-03-30 06:57:00,0,1
